Texonomy Level 1,Texonomy Level 2,Texonomy Level 3,Texonomy Level 4,Texonomy Level 5
Legal/Patent,Legal Services,Intellectual Property (IP) Services,Patent Services,
Legal/Patent,Legal Services,Intellectual Property (IP) Services,Trademark Services,
Legal/Patent,Legal Services,Intellectual Property (IP) Services,Copyright Services,
Legal/Patent,Legal Services,Intellectual Property (IP) Services,Trade Secret Protection Services,
Legal/Patent,Patent Research and Analysis,,,
Legal/Patent,Patent Maintenance Fees,,,
Legal/Patent,Patent Translation and Transcription Services,,,
Legal/Patent,Patent Software and Tools,,,
Material,Raw Materials,Metals and Alloys,,
Material,Raw Materials,Plastics and Polymers,,
Material,Raw Materials,Fabrics and Textiles,,
Material,Raw Materials,Wood and Timber,,
Material,Raw Materials,Glass and Ceramics,,
Material,Raw Materials,Chemicals and Solvents,,
Material,Raw Materials,Electrical Components,,
Material,Raw Materials,Packaging Materials,,
Material,Raw Materials,Other Raw Materials,,
Material,Components and Parts,Mechanical Components,,
Material,Components and Parts,Electrical Components,,
Material,Components and Parts,Electronic Components,,
Material,Components and Parts,Pneumatic and Hydraulic Components,,
Material,Components and Parts,Fasteners and Hardware,,
Material,Components and Parts,Bearings and Seals,,
Material,Components and Parts,Other Components and Parts,,
Material,Equipment and Machinery,Manufacturing Machinery,,
Material,Equipment and Machinery,Processing Equipment,,
Material,Equipment and Machinery,Testing and Measurement Equipment,,
Material,Equipment and Machinery,Tools and Tooling Equipment,,
Material,Equipment and Machinery,Maintenance and Repair Equipment,,
Material,Equipment and Machinery,Safety Equipment,,
Material,Equipment and Machinery,Other Equipment and Machinery,,
Material,Safety and Personal Protective Equipment (PPE),Protective Clothing,,
Material,Safety and Personal Protective Equipment (PPE),Head Protection,,
Material,Safety and Personal Protective Equipment (PPE),Eye and Face Protection,,
Material,Safety and Personal Protective Equipment (PPE),Hand and Arm Protection,,
Material,Safety and Personal Protective Equipment (PPE),Foot and Leg Protection,,
Material,Safety and Personal Protective Equipment (PPE),Respiratory Protection,,
Material,Safety and Personal Protective Equipment (PPE),Hearing Protection,,
Material,Safety and Personal Protective Equipment (PPE),Fall Protection,,
Material,Safety and Personal Protective Equipment (PPE),Other Safety and PPE Equipment,,
Delivery,Delivery Services,Courier Services,,
Delivery,Delivery Services,Shipping Services,,
Delivery,Delivery Services,Freight Services,,
Delivery,Delivery Services,International Delivery Services,,
Delivery,Delivery Services,Warehousing and Fulfillment Services,,
Delivery,Outsourced Services,Third-Party Logistics (3PL) Services,,
Delivery,Outsourced Services,Delivery Fleet Outsourcing,,
Delivery,Outsourced Services,Inventory Management Services,,
Delivery,Outsourced Services,Route Optimization Services,,
Delivery,Outsourced Services,Order Tracking and Management Services,,
Delivery,Outsourced Services,Reverse Logistics Services,,
Delivery,Outsourced Services,Packaging and Labeling Services,,
Delivery,Outsourced Services,Customer Support for Delivery Services,,
Delivery,Outsourced Services,Delivery Technology and Software Services,,
Delivery,Outsourced Services,Customs Clearance and Import/Export Services,,
Delivery,Shipping Supplies and Materials,"Packaging Materials (e.g., boxes, tape, bubble wrap)",,
Delivery,Shipping Supplies and Materials,Shipping Labels and Stickers,,
Delivery,Shipping Supplies and Materials,"Shipping Equipment (e.g., scales, thermal printers)",,
Delivery,Returns and Exchanges,Return Shipping Costs,,
Delivery,Returns and Exchanges,Restocking Fees,,
Consulting,Professional Services,Consulting Services,Management Consulting,
Consulting,Professional Services,Consulting Services,Financial Consulting,
Consulting,Professional Services,Consulting Services,IT Consulting,
Consulting,Professional Services,Consulting Services,Human Resources Consulting,
Consulting,Professional Services,Consulting Services,Marketing Consulting,
Cleaning,Cleaning Services,Office Cleaning Services,,
Cleaning,Cleaning Services,Commercial Cleaning Services,,
Cleaning,Cleaning Services,Janitorial Services,,
Cleaning,Cleaning Services,Industrial Cleaning Services,,
Cleaning,Cleaning Services,Floor Cleaning and Maintenance Services,,
Cleaning,Cleaning Services,Carpet Cleaning Services,,
Cleaning,Cleaning Services,Window Cleaning Services,,
Cleaning,Cleaning Services,Exterior Building Cleaning Services,,
Cleaning,Cleaning Services,Specialized Cleaning Services,,
Cleaning,Cleaning Supplies and Equipment,Cleaning Chemicals and Detergents,,
Cleaning,Cleaning Supplies and Equipment,Cleaning Tools and Equipment,,
Cleaning,Cleaning Supplies and Equipment,Trash Bags and Liners,,
Cleaning,Cleaning Supplies and Equipment,"Paper Products (towels, tissues, toilet paper)",,
Cleaning,Cleaning Supplies and Equipment,Cleaning Carts and Trolleys,,
Cleaning,Cleaning Supplies and Equipment,Vacuum Cleaners and Floor Scrubbers,,
Cleaning,Cleaning Supplies and Equipment,Window Cleaning Tools and Accessories,,
Cleaning,Cleaning Supplies and Equipment,Personal Protective Equipment (PPE) for Cleaning Staff,,
Cleaning,Waste Management Services,Trash and Garbage Collection Services,,
Cleaning,Waste Management Services,Recycling Services,,
Cleaning,Waste Management Services,Hazardous Waste Disposal Services,,
Cleaning,Waste Management Services,Document Shredding and Confidential Waste Disposal,,
Cleaning,Laundry and Linen Services,,,
Cleaning,Cleaning and Hygiene Audits,Cleaning and Sanitation Assessments,,
Cleaning,Cleaning and Hygiene Audits,Hygiene and Safety Audits,,
Cleaning,Cleaning and Hygiene Audits,Indoor Air Quality Testing,,
Cleaning,Green Cleaning Services,Eco-Friendly Cleaning Products and Supplies,,
Cleaning,Green Cleaning Services,Sustainable Cleaning Practices,,
Security,Security Services,Security Guard Services,,
Security,Security Services,Mobile Patrol Services,,
Security,Security Services,Alarm Monitoring and Response Services,,
Security,Security Services,Access Control Services,,
Security,Security Services,Video Surveillance and Monitoring Services,,
Security,Security Services,Event Security Services,,
Security,Security Services,Executive Protection Services,,
Security,Security Services,Loss Prevention Services,,
Security,Security Services,Fire Watch Services,,
Security,Security Services,Security Consulting Services,,
Security,Security Systems and Equipment,Alarm Systems,,
Security,Security Systems and Equipment,CCTV Cameras and Video Surveillance Systems,,
Security,Security Systems and Equipment,Access Control Systems,,
Security,Security Systems and Equipment,Intrusion Detection Systems,,
Security,Security Systems and Equipment,Fire Detection and Suppression Systems,,
Security,Security Systems and Equipment,"Perimeter Security Systems (fencing, barriers, gates)",,
Security,Security Systems and Equipment,Security Lighting Systems,,
Security,Security Systems and Equipment,Security Locks and Safes,,
Security,Security Systems and Equipment,Biometric Identification Systems,,
Security,Security Systems and Equipment,Emergency Communication Systems,,
Security,Cybersecurity Services,Network Security Services,,
Security,Cybersecurity Services,Data Protection and Encryption Services,,
Security,Cybersecurity Services,Vulnerability Assessments and Penetration Testing,,
Security,Cybersecurity Services,Security Information and Event Management (SIEM) Services,,
Security,Cybersecurity Services,Security Awareness Training,,
Security,Cybersecurity Services,Incident Response and Forensic Services,,
Security,Security Personnel Training,Security Guard Training Programs,,
Security,Security Personnel Training,First Aid and CPR Training,,
Security,Security Personnel Training,Emergency Response Training,,
Security,Security Personnel Training,Workplace Violence Prevention Training,,
Security,Security Personnel Training,Security Awareness Training for Employees,,
Security,Security Audits and Risk Assessments,Security Vulnerability Assessments,,
Security,Security Audits and Risk Assessments,Physical Security Audits,,
Security,Security Audits and Risk Assessments,Information Security Audits,,
Security,Security Audits and Risk Assessments,"Compliance Audits (e.g., HIPAA, PCI-DSS)",,
Security,Security Audits and Risk Assessments,Threat and Risk Assessments,,
Security,Secure Data Destruction and Disposal Services,Hard Drive and Media Destruction Services,,
Security,Secure Data Destruction and Disposal Services,Secure Document Shredding Services,,
Security,Secure Data Destruction and Disposal Services,E-Waste Recycling and Disposal Services,,
Hiring,Recruitment Services,Recruitment Agency Fees,,
Hiring,Recruitment Services,Job Board Advertising Fees,,
Hiring,Recruitment Services,Recruitment Process Outsourcing (RPO) Services,,
Hiring,Recruitment Services,Candidate Sourcing Services,,
Hiring,Recruitment Services,Executive Search Services,,
Hiring,Recruitment Services,Recruitment Software and Applicant Tracking System (ATS) Fees,,
Hiring,Talent Acquisition Expenses,Employer Branding and Marketing,,
Hiring,Talent Acquisition Expenses,Employee Referral Programs and Bonuses,,
Hiring,Talent Acquisition Expenses,"Campus Recruitment Expenses (career fairs, campus events)",,
Hiring,Talent Acquisition Expenses,Recruitment Events and Job Fairs,,
Hiring,Talent Acquisition Expenses,Pre-employment Testing and Assessment Fees,,
Hiring,Talent Acquisition Expenses,Background Checks and Drug Testing Fees,,
Hiring,Onboarding and Orientation,New Hire Training Programs and Materials,,
Hiring,Onboarding and Orientation,Employee Handbook and Policy Development,,
Hiring,Onboarding and Orientation,Orientation and Induction Programs,,
Hiring,Onboarding and Orientation,Onboarding Software and Technology,,
Hiring,Relocation and Moving Expenses,Relocation Assistance Packages,,
Hiring,Relocation and Moving Expenses,Moving and Transportation Costs,,
Hiring,Relocation and Moving Expenses,Temporary Housing or Accommodation Expenses,,
Hiring,Relocation and Moving Expenses,Visa and Immigration Fees for International Hires,,
Hiring,Employee Benefits,Health Insurance Premiums,,
Hiring,Employee Benefits,Retirement Plan Contributions,,
Hiring,Employee Benefits,Paid Time Off (PTO) and Vacation Accruals,,
Hiring,Employee Benefits,Employee Assistance Programs (EAP),,
Hiring,Employee Benefits,"Other Employee Benefit Programs (e.g., dental, vision, disability)",,
Hiring,Training and Development,Employee Training Programs and Workshops,,
Hiring,Training and Development,Leadership Development Programs,,
Hiring,Training and Development,Professional Certification and Licensure Fees,,
Hiring,Employee Recognition and Rewards,Employee Recognition Programs,,
Hiring,Employee Recognition and Rewards,Performance Bonuses and Incentives,,
Hiring,Employee Recognition and Rewards,Employee Gifts and Awards,,
Hiring,HR Software and Technology,HR Management System (HRMS) Fees,,
Hiring,HR Software and Technology,Payroll Software and Services,,
Hiring,HR Software and Technology,Time and Attendance Software and Services,,
Hiring,HR Software and Technology,Performance Management Software,,
Hiring,HR Software and Technology,Employee Engagement and Feedback Tools,,
Repair & Maintenance - Vehicle,Vehicle Expenses,Fuel Costs,,
Repair & Maintenance - Vehicle,Vehicle Expenses,Maintenance and Repairs,Regular Maintenance,Oil Changes
Repair & Maintenance - Vehicle,Vehicle Expenses,Maintenance and Repairs,Regular Maintenance,Tire Rotations
Repair & Maintenance - Vehicle,Vehicle Expenses,Maintenance and Repairs,Regular Maintenance,"Fluid Replacements (e.g., coolant, brake fluid)"
Repair & Maintenance - Vehicle,Vehicle Expenses,Maintenance and Repairs,Regular Maintenance,"Filter Replacements (e.g., air filter, oil filter)"
Repair & Maintenance - Vehicle,Vehicle Expenses,Maintenance and Repairs,Regular Maintenance,Battery Replacements
Repair & Maintenance - Vehicle,Vehicle Expenses,Maintenance and Repairs,Regular Maintenance,Belt and Hose Replacements
Repair & Maintenance - Vehicle,Vehicle Expenses,Maintenance and Repairs,Unscheduled Repairs,Engine Repairs
Repair & Maintenance - Vehicle,Vehicle Expenses,Maintenance and Repairs,Unscheduled Repairs,Transmission Repairs
Repair & Maintenance - Vehicle,Vehicle Expenses,Maintenance and Repairs,Unscheduled Repairs,Brake Repairs
Repair & Maintenance - Vehicle,Vehicle Expenses,Maintenance and Repairs,Unscheduled Repairs,Suspension and Steering Repairs
Repair & Maintenance - Vehicle,Vehicle Expenses,Maintenance and Repairs,Unscheduled Repairs,Electrical System Repairs
Repair & Maintenance - Vehicle,Vehicle Expenses,Maintenance and Repairs,Unscheduled Repairs,Exhaust System Repairs
Repair & Maintenance - Vehicle,Vehicle Expenses,Maintenance and Repairs,Unscheduled Repairs,Cooling System Repairs
Repair & Maintenance - Vehicle,Vehicle Expenses,Maintenance and Repairs,Unscheduled Repairs,Fuel System Repairs
Repair & Maintenance - Vehicle,Vehicle Expenses,Maintenance and Repairs,Unscheduled Repairs,HVAC System Repairs
Repair & Maintenance - Vehicle,Vehicle Expenses,Maintenance and Repairs,Unscheduled Repairs,Body and Paint Repairs
Repair & Maintenance - Vehicle,Vehicle Expenses,Maintenance and Repairs,Unscheduled Repairs,Glass Repairs and Replacements
Repair & Maintenance - Vehicle,Vehicle Expenses,Tires and Wheels,Tire Replacements,
Repair & Maintenance - Vehicle,Vehicle Expenses,Tires and Wheels,Wheel Alignments,
Repair & Maintenance - Vehicle,Vehicle Expenses,Tires and Wheels,Tire Balancing,
Repair & Maintenance - Vehicle,Vehicle Expenses,Tires and Wheels,Tire Repairs,
Repair & Maintenance - Vehicle,Vehicle Expenses,Accessories and Upgrades,,
Repair & Maintenance - Vehicle,Vehicle Expenses,Accessories and Upgrades,,
Repair & Maintenance - Vehicle,Vehicle Expenses,Accessories and Upgrades,,
Repair & Maintenance - Vehicle,Fleet Management Expenses,Vehicle Acquisition,Vehicle Purchases,
Repair & Maintenance - Vehicle,Fleet Management Expenses,Vehicle Acquisition,Vehicle Leases,
Repair & Maintenance - Vehicle,Fleet Management Expenses,Insurance Costs,,
Repair & Maintenance - Vehicle,Fleet Management Expenses,Vehicle Registration and Licensing Fees,,
Repair & Maintenance - Vehicle,Fleet Management Expenses,Parking and Tolls,,
Repair & Maintenance - Vehicle,Fleet Management Expenses,Depreciation,,
Repair & Maintenance - Vehicle,Fleet Management Expenses,Vehicle Tracking and Telematics Systems,,
Repair & Maintenance - Vehicle,Fleet Management Expenses,Fleet Software and Management Tools,,
Repair & Maintenance - Vehicle,Training and Certification,Driver Training Programs,,
Repair & Maintenance - Vehicle,Training and Certification,Mechanic Training Programs,,
Repair & Maintenance - Vehicle,Training and Certification,Certification and Licensing Fees,,
IT Facility,Data Center Fees,Co-location Fees,,
IT Facility,Data Center Fees,Rack Space Rental Fees,,
IT Facility,Data Center Fees,Power and Cooling Fees,,
IT Facility,Data Center Fees,Network Connectivity Fees,,
IT Facility,Data Center Fees,Remote Hands Services,,
IT Facility,Cloud Service Provider Fees,Infrastructure-as-a-Service (IaaS) Fees,,
IT Facility,Cloud Service Provider Fees,Platform-as-a-Service (PaaS) Fees,,
IT Facility,Cloud Service Provider Fees,Software-as-a-Service (SaaS) Fees,,
IT Facility,Cloud Service Provider Fees,Data Storage and Backup Fees,,
IT Facility,Cloud Service Provider Fees,Network Bandwidth Fees,,
IT Facility,Software Licensing and Maintenance Fees,Operating System Licensing Fees,,
IT Facility,Software Licensing and Maintenance Fees,Database Software Licensing Fees,,
IT Facility,Software Licensing and Maintenance Fees,Enterprise Resource Planning (ERP) Software Licensing Fees,,
IT Facility,Software Licensing and Maintenance Fees,Customer Relationship Management (CRM) Software Licensing Fees,,
IT Facility,Software Licensing and Maintenance Fees,Collaboration and Productivity Software Licensing Fees,,
IT Facility,Software Licensing and Maintenance Fees,Maintenance and Support Fees for Licensed Software,,
IT Facility,Network and Telecommunication Fees,Internet Service Provider (ISP) Fees,,
IT Facility,Network and Telecommunication Fees,Wide Area Network (WAN) Fees,,
IT Facility,Network and Telecommunication Fees,Local Area Network (LAN) Fees,,
IT Facility,Network and Telecommunication Fees,Network Equipment Fees,,
IT Facility,Network and Telecommunication Fees,Voice and Telephony Services Fees,,
IT Facility,Network and Telecommunication Fees,Video Conferencing Services Fees,,
IT Facility,IT Equipment and Hardware Fees,Servers and Storage Equipment Fees,,
IT Facility,IT Equipment and Hardware Fees,Networking Equipment Fees,,
IT Facility,IT Equipment and Hardware Fees,Desktops and Laptops Fees,,
IT Facility,IT Equipment and Hardware Fees,Peripherals and Accessories Fees,,
IT Facility,IT Equipment and Hardware Fees,Printers and Scanners Fees,,
IT Facility,IT Equipment and Hardware Fees,Audiovisual Equipment Fees,,
IT Facility,Software and Application Development Fees,Custom Software Development Fees,,
IT Facility,Software and Application Development Fees,Application Maintenance and Support Fees,,
IT Facility,Software and Application Development Fees,Software Testing and Quality Assurance Fees,,
IT Facility,Software and Application Development Fees,Application Integration Fees,,
IT Facility,Software and Application Development Fees,Application Upgrade and Enhancement Fees,,
IT Facility,IT Consulting and Professional Services Fees,IT Strategy and Planning Consulting Fees,,
IT Facility,IT Consulting and Professional Services Fees,IT Project Management Fees,,
IT Facility,IT Consulting and Professional Services Fees,IT Security Consulting Fees,,
IT Facility,IT Consulting and Professional Services Fees,Systems Integration Consulting Fees,,
IT Facility,IT Consulting and Professional Services Fees,IT Training and Education Fees,,
IT Facility,IT Maintenance and Support Fees,Help Desk and Technical Support Fees,,
IT Facility,IT Maintenance and Support Fees,Hardware Maintenance and Support Fees,,
IT Facility,IT Maintenance and Support Fees,Software Maintenance and Support Fees,,
IT Facility,IT Maintenance and Support Fees,System Upgrades and Patching Fees,,
IT Facility,IT Maintenance and Support Fees,IT Asset Management Fees,,
IT Labor,IT Staffing and Labor,IT Employee Salaries and Wages,,
IT Labor,IT Staffing and Labor,IT Contractor Fees,,
IT Labor,IT Staffing and Labor,IT Consulting Fees,,
IT Labor,IT Staffing and Labor,Temporary Staffing Services Fees,,
IT Labor,IT Project Management,Project Manager Salaries and Wages,,
IT Labor,IT Project Management,Project Management Software and Tools Fees,,
IT Labor,IT Project Management,Project Management Training and Certification Fees,,
IT Labor,IT Project Management,Project-related Travel and Expenses,,
IT Labor,Systems Integration Services,Systems Integration Consulting Fees,,
IT Labor,Systems Integration Services,Systems Integration Project Fees,,
IT Labor,Systems Integration Services,Systems Integration Software and Tools Fees,,
IT Labor,Systems Integration Services,Data Migration and Integration Fees,,
IT Labor,Systems Integration Services,Testing and Quality Assurance Fees,,
IT Labor,Software Development and Customization,Software Developer Salaries and Wages,,
IT Labor,Software Development and Customization,Software Development Contractor Fees,,
IT Labor,Software Development and Customization,Software Development Tools and Libraries Fees,,
IT Labor,Software Development and Customization,Customization and Configuration Fees,,
IT Labor,Software Development and Customization,Testing and Quality Assurance Fees,,
IT Labor,IT Support and Help Desk,IT Support Staff Salaries and Wages,,
IT Labor,IT Support and Help Desk,IT Support Contractor Fees,,
IT Labor,IT Support and Help Desk,Help Desk Software and Tools Fees,,
IT Labor,IT Support and Help Desk,IT Support Training and Certification Fees,,
IT Labor,IT Support and Help Desk,IT Support Maintenance and Enhancement Fees,,
Welfare - Others,Employee Benefits,Health Insurance Premiums,,
Welfare - Others,Employee Benefits,Retirement Plan Contributions,,
Welfare - Others,Employee Benefits,Life Insurance Premiums,,
Welfare - Others,Employee Benefits,Disability Insurance Premiums,,
Welfare - Others,Employee Benefits,Dental Insurance Premiums,,
Welfare - Others,Employee Benefits,Vision Insurance Premiums,,
Welfare - Others,Employee Benefits,Employee Assistance Programs (EAP),,
Welfare - Others,Employee Benefits,Wellness Programs,,
Welfare - Others,Employee Benefits,Flexible Spending Accounts (FSA),,
Welfare - Others,Employee Benefits,Health Savings Accounts (HSA),,
Welfare - Others,Paid Time Off (PTO),Vacation Leave,,
Welfare - Others,Paid Time Off (PTO),Sick Leave,,
Welfare - Others,Paid Time Off (PTO),Personal Leave,,
Welfare - Others,Paid Time Off (PTO),Holidays,,
Welfare - Others,Paid Time Off (PTO),Bereavement Leave,,
Welfare - Others,Paid Time Off (PTO),Parental Leave,,
Welfare - Others,Paid Time Off (PTO),Jury Duty Leave,,
Welfare - Others,Employee Education and Training,Tuition Reimbursement,,
Welfare - Others,Employee Education and Training,Professional Development Programs,,
Welfare - Others,Employee Education and Training,Certification and Licensing Fees,,
Welfare - Others,Employee Education and Training,Training and Workshops,,
Welfare - Others,Employee Education and Training,Educational Materials and Resources,,
Welfare - Others,Employee Recognition and Rewards,Performance Bonuses and Incentives,,
Welfare - Others,Employee Recognition and Rewards,Employee of the Month/Quarter/Year Programs,,
Welfare - Others,Employee Recognition and Rewards,Service Awards,,
Welfare - Others,Employee Recognition and Rewards,Team Recognition Programs,,
Welfare - Others,Employee Recognition and Rewards,Spot Bonuses,,
Welfare - Others,Employee Recognition and Rewards,Employee Referral Programs,,
Welfare - Others,Work-Life Balance Programs,"Flexible Work Arrangements (e.g., telecommuting, flexible hours)",,
Welfare - Others,Work-Life Balance Programs,Childcare Assistance or Subsidies,,
Welfare - Others,Work-Life Balance Programs,Elder Care Assistance or Subsidies,,
Welfare - Others,Work-Life Balance Programs,Employee Discount Programs,,
Welfare - Others,Work-Life Balance Programs,"On-Site Amenities (e.g., gym, cafeteria, childcare center)",,
Welfare - Others,Employee Wellness Initiatives,Health Screenings and Assessments,,
Welfare - Others,Employee Wellness Initiatives,Wellness Challenges and Contests,,
Welfare - Others,Employee Wellness Initiatives,Fitness Programs and Gym Memberships,,
Welfare - Others,Employee Wellness Initiatives,Mental Health Support Services,,
Welfare - Others,Employee Wellness Initiatives,Nutrition and Weight Management Programs,,
Welfare - Others,Employee Safety Programs,Workplace Safety Training,,
Welfare - Others,Employee Safety Programs,Safety Equipment and Gear,,
Welfare - Others,Employee Safety Programs,Ergonomic Assessments and Equipment,,
Welfare - Others,Employee Safety Programs,Occupational Health Services,,
Welfare - Others,Employee Safety Programs,Workers' Compensation Insurance,,
Welfare - Others,Employee Assistance Programs (EAP),Counseling and Therapy Services,,
Welfare - Others,Employee Assistance Programs (EAP),Legal and Financial Counseling,,
Welfare - Others,Employee Assistance Programs (EAP),Stress Management Support,,
Welfare - Others,Employee Assistance Programs (EAP),Substance Abuse Programs,,
Welfare - Others,Employee Assistance Programs (EAP),Work-Life Balance Resources,,
Welfare - Health Insurance,Medical Insurance Plans,,,
Welfare - Health Insurance,Dental Insurance Plans,,,
Welfare - Health Insurance,Vision Insurance Plans,,,
Welfare - Health Insurance,Employee Assistance Programs (EAP),Mental Health Counseling Services,,
Welfare - Health Insurance,Employee Assistance Programs (EAP),Substance Abuse Counseling Services,,
Welfare - Health Insurance,Employee Assistance Programs (EAP),Work-Life Balance Support Services,,
Welfare - Health Insurance,Employee Assistance Programs (EAP),Legal and Financial Assistance Services,,
Welfare - Health Insurance,Wellness Programs,Preventive Health Screenings,,
Welfare - Health Insurance,Wellness Programs,Health Risk Assessments,,
Welfare - Health Insurance,Wellness Programs,Health Coaching Services,,
Welfare - Health Insurance,Wellness Programs,Fitness and Exercise Programs,,
Welfare - Health Insurance,Wellness Programs,Stress Management Programs,,
Welfare - Health Insurance,Health Savings Accounts (HSA),Employer Contributions to HSA,,
Welfare - Health Insurance,Health Savings Accounts (HSA),Employee Contributions to HSA,,
Welfare - Health Insurance,Health Savings Accounts (HSA),HSA Investment Management Fees,,
Welfare - Health Insurance,Health Savings Accounts (HSA),HSA Administration Fees,,
Welfare - Health Insurance,Flexible Spending Accounts (FSA),Health Care FSA,,
Welfare - Health Insurance,Flexible Spending Accounts (FSA),Dependent Care FSA,,
Sales Promotion - Exhibit & Other,Trade Show Exhibits,Exhibit Space Rental Fees,,
Sales Promotion - Exhibit & Other,Trade Show Exhibits,Booth Design and Construction,,
Sales Promotion - Exhibit & Other,Trade Show Exhibits,Exhibit Graphics and Signage,,
Sales Promotion - Exhibit & Other,Trade Show Exhibits,Audiovisual Equipment Rental,,
Sales Promotion - Exhibit & Other,Trade Show Exhibits,Shipping and Storage of Exhibit Materials,,
Sales Promotion - Exhibit & Other,Trade Show Exhibits,Trade Show Staffing and Training,,
Sales Promotion - Exhibit & Other,Event Sponsorship,Sponsorship Fees for Conferences and Events,,
Sales Promotion - Exhibit & Other,Event Sponsorship,Branding and Logo Placement,,
Sales Promotion - Exhibit & Other,Event Sponsorship,Promotional Materials and Giveaways,,
Sales Promotion - Exhibit & Other,Event Sponsorship,Hospitality and Entertainment Expenses,,
Sales Promotion - Exhibit & Other,Event Sponsorship,On-site Brand Activation and Engagement,,
Sales Promotion - Exhibit & Other,Sales Collateral and Merchandise,Brochures and Flyers Printing,,
Sales Promotion - Exhibit & Other,Sales Collateral and Merchandise,Catalogs and Product Literature Printing,,
Sales Promotion - Exhibit & Other,Sales Collateral and Merchandise,Promotional Items and Branded Merchandise,,
Sales Promotion - Exhibit & Other,Sales Collateral and Merchandise,Sales Presentation Materials,,
Sales Promotion - Exhibit & Other,Sales Promotion Campaigns,Advertising and Media Placement Fees,,
Sales Promotion - Exhibit & Other,Sales Promotion Campaigns,Digital Marketing Campaigns,,
Sales Promotion - Exhibit & Other,Sales Promotion Campaigns,Social Media Advertising,,
Sales Promotion - Exhibit & Other,Sales Promotion Campaigns,Direct Mail and Email Marketing,,
Sales Promotion - Exhibit & Other,Sales Promotion Campaigns,Sales Incentives and Discounts,,
Sales Promotion - Exhibit & Other,Sales Training and Education,Sales Training Programs and Workshops,,
Sales Promotion - Exhibit & Other,Sales Training and Education,Product Knowledge and Demonstration Training,,
Sales Promotion - Exhibit & Other,Sales Training and Education,Sales Skills Development Training,,
Sales Promotion - Exhibit & Other,Sales Training and Education,Sales Tools and Technology Training,,
Sales Promotion - Exhibit & Other,Sales Training and Education,Sales Certification and Continuing Education,,
Sales Promotion - Exhibit & Other,Channel Partner Programs,Co-op Advertising Programs,,
Sales Promotion - Exhibit & Other,Channel Partner Programs,Joint Marketing Campaigns,,
Sales Promotion - Exhibit & Other,Channel Partner Programs,Channel Incentive Programs,,
Sales Promotion - Exhibit & Other,Channel Partner Programs,Partner Training and Enablement,,
Sales Promotion - Exhibit & Other,Channel Partner Programs,Channel Development and Support,,
Sales Promotion - Exhibit & Other,Public Relations and Media Events,Press Release Distribution Fees,,
Sales Promotion - Exhibit & Other,Public Relations and Media Events,Media Event Planning and Coordination,,
Sales Promotion - Exhibit & Other,Public Relations and Media Events,Media Relations and Outreach,,
Sales Promotion - Exhibit & Other,Public Relations and Media Events,Media Interviews and Press Conferences,,
Sales Promotion - Exhibit & Other,Public Relations and Media Events,Press Kits and Media Materials,,
Sales Promotion - Exhibit & Other,Customer Events and Trade Shows,Customer Appreciation Events,,
Sales Promotion - Exhibit & Other,Customer Events and Trade Shows,User Conferences and Summits,,
Sales Promotion - Exhibit & Other,Customer Events and Trade Shows,Product Launch Events,,
Sales Promotion - Exhibit & Other,Customer Events and Trade Shows,Roadshows and Mobile Exhibits,,
Sales Promotion - Exhibit & Other,Customer Events and Trade Shows,Field Marketing Events,,
Repair & Maintenance - General,Building Maintenance,HVAC System Maintenance and Repairs,,
Repair & Maintenance - General,Building Maintenance,Plumbing System Maintenance and Repairs,,
Repair & Maintenance - General,Building Maintenance,Electrical System Maintenance and Repairs,,
Repair & Maintenance - General,Building Maintenance,Roof Repairs and Maintenance,,
Repair & Maintenance - General,Building Maintenance,Painting and Wall Repair,,
Repair & Maintenance - General,Building Maintenance,Flooring Repair and Replacement,,
Repair & Maintenance - General,Building Maintenance,Door and Window Maintenance and Repairs,,
Repair & Maintenance - General,Building Maintenance,Elevator and Lift Maintenance and Repairs,,
Repair & Maintenance - General,Equipment Maintenance,Machinery Maintenance and Repairs,,
Repair & Maintenance - General,Equipment Maintenance,Manufacturing Equipment Maintenance and Repairs,,
Repair & Maintenance - General,Equipment Maintenance,Office Equipment Maintenance and Repairs,,
Repair & Maintenance - General,Equipment Maintenance,IT Equipment Maintenance and Repairs,,
Repair & Maintenance - General,Equipment Maintenance,Vehicle Fleet Maintenance and Repairs,,
Repair & Maintenance - General,Equipment Maintenance,Tools and Instruments Maintenance and Repairs,,
Repair & Maintenance - General,Facility Repairs,Structural Repairs,,
Repair & Maintenance - General,Facility Repairs,Concrete and Masonry Repairs,,
Repair & Maintenance - General,Facility Repairs,Roofing Repairs,,
Repair & Maintenance - General,Facility Repairs,Plumbing Repairs,,
Repair & Maintenance - General,Facility Repairs,Electrical Repairs,,
Repair & Maintenance - General,Facility Repairs,Flooring Repairs,,
Repair & Maintenance - General,Facility Repairs,Wall Repairs,,
Repair & Maintenance - General,Facility Repairs,Door and Window Repairs,,
Repair & Maintenance - General,Landscaping and Grounds Maintenance,Lawn Care and Maintenance,,
Repair & Maintenance - General,Landscaping and Grounds Maintenance,Tree and Shrub Care,,
Repair & Maintenance - General,Landscaping and Grounds Maintenance,Irrigation System Maintenance and Repairs,,
Repair & Maintenance - General,Landscaping and Grounds Maintenance,Landscape Design and Renovation,,
Repair & Maintenance - General,Landscaping and Grounds Maintenance,Outdoor Lighting Maintenance and Repairs,,
Repair & Maintenance - General,Landscaping and Grounds Maintenance,Snow and Ice Removal,,
Repair & Maintenance - General,Pest Control,Regular Pest Control Services,,
Repair & Maintenance - General,Pest Control,Termite Control and Prevention,,
Repair & Maintenance - General,Pest Control,Rodent Control,,
Repair & Maintenance - General,Pest Control,Insect Control,,
Repair & Maintenance - General,Pest Control,Wildlife Control,,
Repair & Maintenance - General,Cleaning and Janitorial Services,Regular Cleaning and Janitorial Services,,
Repair & Maintenance - General,Cleaning and Janitorial Services,Carpet Cleaning and Maintenance,,
Repair & Maintenance - General,Cleaning and Janitorial Services,Window Cleaning,,
Repair & Maintenance - General,Cleaning and Janitorial Services,Upholstery and Furniture Cleaning,,
Repair & Maintenance - General,Cleaning and Janitorial Services,"Hard Floor Maintenance (polishing, waxing, etc.)",,
Repair & Maintenance - General,Cleaning and Janitorial Services,"Specialized Cleaning Services (e.g., high-pressure washing)",,
Repair & Maintenance - General,Security System Maintenance,Alarm System Maintenance and Repairs,,
Repair & Maintenance - General,Security System Maintenance,Access Control System Maintenance and Repairs,,
Repair & Maintenance - General,Security System Maintenance,CCTV System Maintenance and Repairs,,
Repair & Maintenance - General,Security System Maintenance,Fire Alarm System Maintenance and Repairs,,
Repair & Maintenance - General,Security System Maintenance,Security System Upgrades and Enhancements,,
Research & Development - General,Research Personnel,Research Scientists,,
Research & Development - General,Research Personnel,Research Engineers,,
Research & Development - General,Research Personnel,Research Technicians,,
Research & Development - General,Research Personnel,Research Analysts,,
Research & Development - General,Research Personnel,Research Assistants,,
Research & Development - General,Laboratory Equipment and Supplies,Research Equipment,,
Research & Development - General,Laboratory Equipment and Supplies,Laboratory Instruments,,
Research & Development - General,Laboratory Equipment and Supplies,Chemicals and Reagents,,
Research & Development - General,Laboratory Equipment and Supplies,Glassware and Consumables,,
Research & Development - General,Laboratory Equipment and Supplies,Safety Equipment,,
Research & Development - General,Research Software and Tools,Data Analysis and Visualization Tools,,
Research & Development - General,Research Software and Tools,Simulation and Modeling Software,,
Research & Development - General,Research Software and Tools,Statistical Analysis Software,,
Research & Development - General,Research Software and Tools,Design and CAD Software,,
Research & Development - General,Research Software and Tools,Lab Management Software,,
Research & Development - General,Research Facilities,Research Laboratories,,
Research & Development - General,Research Facilities,Cleanrooms,,
Research & Development - General,Research Facilities,Testing Facilities,,
Research & Development - General,Research Facilities,Prototype Development Areas,,
Research & Development - General,Research Facilities,Research Libraries,,
Research & Development - General,Research Collaboration and Partnerships,Research Collaboration Agreements,,
Research & Development - General,Research Collaboration and Partnerships,Joint Research Initiatives,,
Research & Development - General,Research Collaboration and Partnerships,Research Consortium Memberships,,
Research & Development - General,Research Collaboration and Partnerships,University Research Partnerships,,
Research & Development - General,Research Collaboration and Partnerships,Research Grants and Funding,,
Research & Development - General,Intellectual Property (IP) Protection,Patent Applications and Filing Fees,,
Research & Development - General,Intellectual Property (IP) Protection,Patent Attorney and Legal Fees,,
Research & Development - General,Intellectual Property (IP) Protection,Trademark Registration Fees,,
Research & Development - General,Intellectual Property (IP) Protection,Copyright Registration Fees,,
Research & Development - General,Intellectual Property (IP) Protection,Licensing and Royalty Expenses,,
Research & Development - General,Research Publications and Dissemination,Journal Publication Fees,,
Research & Development - General,Research Publications and Dissemination,Conference and Symposium Fees,,
Research & Development - General,Research Publications and Dissemination,Research Presentations and Posters,,
Research & Development - General,Research Publications and Dissemination,Open Access Publication Fees,,
Research & Development - General,Research Publications and Dissemination,Research Communication and Outreach,,
Research & Development - Technical Consulting,Technical Consulting Services,Research and Development (R&D) Consulting Services,,
Research & Development - Technical Consulting,Technical Consulting Services,Technical Advisory Services,,
Research & Development - Technical Consulting,Technical Consulting Services,Feasibility Studies and Assessments,,
Research & Development - Technical Consulting,Technical Consulting Services,Technology Strategy and Roadmap Development,,
Research & Development - Technical Consulting,Technical Consulting Services,Technology Commercialization Consulting,,
Research & Development - Technical Consulting,Technical Consulting Services,Innovation Management Consulting,,
Research & Development - Technical Consulting,Technical Consulting Services,Intellectual Property (IP) Strategy Consulting,,
Research & Development - Technical Consulting,Technical Consulting Services,Competitive Intelligence and Benchmarking,,
Research & Development - Technical Consulting,Technical Consulting Services,Market Research and Analysis,,
Research & Development - Technical Consulting,Technology Development Consulting,Software Development and Architecture Consulting,,
Research & Development - Technical Consulting,Technology Development Consulting,Hardware Design and Development Consulting,,
Research & Development - Technical Consulting,Technology Development Consulting,System Integration and Implementation Consulting,,
Research & Development - Technical Consulting,Technology Development Consulting,Data Analytics and Machine Learning Consulting,,
Research & Development - Technical Consulting,Technology Development Consulting,Artificial Intelligence (AI) and Robotics Consulting,,
Research & Development - Technical Consulting,Technology Development Consulting,Virtual Reality (VR) and Augmented Reality (AR) Consulting,,
Research & Development - Technical Consulting,Technology Development Consulting,Internet of Things (IoT) Consulting,,
Research & Development - Technical Consulting,Scientific Research Consulting,Laboratory Testing and Analysis Consulting,,
Research & Development - Technical Consulting,Scientific Research Consulting,Clinical Research and Trials Consulting,,
Research & Development - Technical Consulting,Scientific Research Consulting,Pharmaceutical Research and Development Consulting,,
Research & Development - Technical Consulting,Scientific Research Consulting,Biotechnology Research and Development Consulting,,
Research & Development - Technical Consulting,Scientific Research Consulting,Environmental Research and Analysis Consulting,,
Research & Development - Technical Consulting,Scientific Research Consulting,Materials Science Research and Development Consulting,,
Research & Development - Outsourcing,Research and Development (R&D) Outsourcing Services,R&D Consulting Services,,
Research & Development - Outsourcing,Research and Development (R&D) Outsourcing Services,R&D Project Management Services,,
Research & Development - Outsourcing,Research and Development (R&D) Outsourcing Services,R&D Contracting Services,,
Research & Development - Outsourcing,Research and Development (R&D) Outsourcing Services,R&D Collaboration Services,,
Research & Development - Outsourcing,Research and Development (R&D) Outsourcing Services,R&D Testing and Analysis Services,,
Research & Development - Outsourcing,Research and Development (R&D) Outsourcing Services,R&D Prototype Development Services,,
Research & Development - Outsourcing,Research and Development (R&D) Outsourcing Services,R&D Data Collection and Analysis Services,,
Research & Development - Outsourcing,Research and Development (R&D) Outsourcing Services,R&D Intellectual Property Services,,
Research & Development - Outsourcing,Research and Development (R&D) Outsourcing Services,R&D Regulatory Compliance Services,,
Research & Development - Outsourcing,Product Development Outsourcing Services,Product Design and Engineering Services,,
Research & Development - Outsourcing,Product Development Outsourcing Services,Prototype Development and Testing Services,,
Research & Development - Outsourcing,Product Development Outsourcing Services,Manufacturing Process Development Services,,
Research & Development - Outsourcing,Product Development Outsourcing Services,Supply Chain and Logistics Optimization Services,,
Research & Development - Outsourcing,Product Development Outsourcing Services,Quality Assurance and Testing Services,,
Research & Development - Outsourcing,Product Development Outsourcing Services,Regulatory Compliance Services,,
Research & Development - Outsourcing,Technology Development Outsourcing Services,Software Development and Programming Services,,
Research & Development - Outsourcing,Technology Development Outsourcing Services,Hardware Design and Development Services,,
Research & Development - Outsourcing,Technology Development Outsourcing Services,System Integration and Implementation Services,,
Research & Development - Outsourcing,Technology Development Outsourcing Services,Data Analytics and Machine Learning Services,,
Research & Development - Outsourcing,Technology Development Outsourcing Services,Artificial Intelligence (AI) and Robotics Services,,
Research & Development - Outsourcing,Technology Development Outsourcing Services,Virtual Reality (VR) and Augmented Reality (AR) Services,,
Research & Development - Outsourcing,Technology Development Outsourcing Services,Internet of Things (IoT) Development Services,,
Research & Development - Outsourcing,Scientific Research Outsourcing Services,Laboratory Testing and Analysis Services,,
Research & Development - Outsourcing,Scientific Research Outsourcing Services,Clinical Research and Trials Services,,
Research & Development - Outsourcing,Scientific Research Outsourcing Services,Pharmaceutical Research and Development Services,,
Research & Development - Outsourcing,Scientific Research Outsourcing Services,Biotechnology Research and Development Services,,
Research & Development - Outsourcing,Scientific Research Outsourcing Services,Environmental Research and Analysis Services,,
Research & Development - Outsourcing,Scientific Research Outsourcing Services,Materials Science Research and Development Services,,
Research & Development - Outsourcing,Intellectual Property Services,Patent Search and Analysis Services,,
Research & Development - Outsourcing,Intellectual Property Services,Patent Drafting and Filing Services,,
Research & Development - Outsourcing,Intellectual Property Services,Patent Portfolio Management Services,,
Research & Development - Outsourcing,Intellectual Property Services,Trademark Registration and Protection Services,,
Research & Development - Outsourcing,Intellectual Property Services,Copyright Registration and Protection Services,,
Research & Development - Outsourcing,Intellectual Property Services,Licensing and Technology Transfer Services,,
Research & Development - Outsourcing,Regulatory Compliance Services,Regulatory Research and Analysis Services,,
Research & Development - Outsourcing,Regulatory Compliance Services,Compliance Program Development Services,,
Research & Development - Outsourcing,Regulatory Compliance Services,Compliance Audits and Assessments,,
Research & Development - Outsourcing,Regulatory Compliance Services,Environmental Compliance Services,,
Research & Development - Outsourcing,Regulatory Compliance Services,Data Privacy and GDPR Compliance Services,,
